City,FAA,IATA,ICAO,Airport,Role,Enplanements
ALABAMA,,,,,,
Birmingham,BHM,BHM,KBHM,Birmingham-Shuttlesworth International Airport,P-S,1_457_562
Dothan,DHN,DHN,KDHN,Dothan Regional Airport,P-N,52_855
Huntsville,HSV,HSV,KHSV,Huntsville International Airport (Carl T. Jones Field),P-S,580_932
Mobile,MOB,MOB,KMOB,Mobile Regional Airport,P-N,297_544
Montgomery,MGM,MGM,KMGM,Montgomery Regional Airport (Dannelly Field),P-N,170_544
ALASKA,,,,,,
Anchorage,MRI,MRI,PAMR,Merrill Field,P-N,10_478
Anchorage,ANC,ANC,PANC,Ted Stevens Anchorage International Airport,P-M,2_642_607
Bethel,BET,BET,PABE,Bethel Airport (also see Bethel Seaplane Base),P-N,160_110
Cordova,CDV,CDV,PACV,Merle K. (Mudhole) Smith Airport,P-N,17_654
Deadhorse,SCC,SCC,PASC,Deadhorse Airport (Prudhoe Bay Airport),P-N,43_655
Dillingham,DLG,DLG,PADL,Dillingham Airport,P-N,34_496
Fairbanks,FAI,FAI,PAFA,Fairbanks International Airport,P-S,549_289
Gustavus,GST,GST,PAGS,Gustavus Airport,P-N,11_023
Homer,HOM,HOM,PAHO,Homer Airport,P-N,46_867
Juneau,JNU,JNU,PAJN,Juneau International Airport,P-N,440_277
Kenai,ENA,ENA,PAEN,Kenai Municipal Airport,P-N,93_889
Ketchikan,KTN,KTN,PAKT,Ketchikan International Airport,P-N,135_389
King Salmon,AKN,AKN,PAKN,King Salmon Airport,P-N,44_131
Klawock,AKW,KLW,PAKW,Klawock Airport (also see Klawock Seaplane Base),P-N,13_503
Kodiak,ADQ,ADQ,PADQ,Kodiak Airport (Benny Benson State Airport),P-N,81_652
Kotzebue,OTZ,OTZ,PAOT,Ralph Wien Memorial Airport,P-N,69_070
Nome,OME,OME,PAOM,Nome Airport,P-N,64_122
Petersburg,PSG,PSG,PAPG,Petersburg James A. Johnson Airport,P-N,24_520
Sitka,SIT,SIT,PASI,Sitka Rocky Gutierrez Airport,P-N,87_119
Unalaska,DUT,DUT,PADU,Unalaska Airport (Tom Madsen/Dutch Harbor Airport),P-N,29_229
Utqiaġvik (Barrow),BRW,BRW,PABR,Wiley Post-Will Rogers Memorial Airport,P-N,46_450
Wrangell,WRG,WRG,PAWG,Wrangell Airport (also see Wrangell Seaplane Base),P-N,14_033
Yakutat,YAK,YAK,PAYA,Yakutat Airport (also see Yakutat Seaplane Base),P-N,11_880
ARIZONA,,,,,,
Flagstaff,FLG,FLG,KFLG,Flagstaff Pulliam Airport,P-N,67_793
Mesa,IWA,AZA,KIWA,Phoenix-Mesa Gateway Airport (formerly Williams AFB),P-S,778_972
Page,PGA,PGA,KPGA,Page Municipal Airport,P-N,25_387
Phoenix,PHX,PHX,KPHX,Phoenix Sky Harbor International Airport,P-L,21_662_580
Prescott,PRC,PRC,KPRC,Prescott Municipal Airport (Ernest A. Love Field),P-N,10_337
Tucson,TUS,TUS,KTUS,Tucson International Airport,P-S,1_753_227
Yuma,NYL,YUM,KNYL,Yuma International Airport / MCAS Yuma,P-N,79_731
ARKANSAS,,,,,,
Fayetteville,XNA,XNA,KXNA,Northwest Arkansas National Airport,P-S,759_127
Fort Smith,FSM,FSM,KFSM,Fort Smith Regional Airport,P-N,86_793
Little Rock,LIT,LIT,KLIT,Bill and Hillary Clinton National Airport (Adams Field) (was Little Rock National),P-S,1_031_258
Texarkana,TXK,TXK,KTXK,Texarkana Regional Airport (Webb Field),P-N,37_599
CALIFORNIA,,,,,,
Arcata/Eureka,ACV,ACV,KACV,California Redwood Coast-Humboldt County Airport,P-N,69_575
Bakersfield,BFL,BFL,KBFL,Meadows Field,P-N,105_104
Burbank,BUR,BUR,KBUR,Hollywood Burbank Airport (was Bob Hope Airport),P-M,2_680_240
Fresno,FAT,FAT,KFAT,Fresno Yosemite International Airport,P-S,853_538
Long Beach,LGB,LGB,KLGB,Long Beach Airport (Daugherty Field),P-S,1_908_635
Los Angeles,LAX,LAX,KLAX,Los Angeles International Airport,P-L,42_624_050
Monterey,MRY,MRY,KMRY,Monterey Regional Airport (was Monterey Peninsula Airport),P-N,186_806
Oakland,OAK,OAK,KOAK,Oakland International Airport,P-M,6_686_603
Ontario,ONT,ONT,KONT,Ontario International Airport,P-M,2_498_993
Orange County,SNA,SNA,KSNA,John Wayne Airport (was Orange County Airport),P-M,5_201_642
Palm Springs,PSP,PSP,KPSP,Palm Springs International Airport,P-S,1_163_883
Redding,RDD,RDD,KRDD,Redding Municipal Airport,P-N,42_775
Sacramento,SMF,SMF,KSMF,Sacramento International Airport,P-M,5_907_629
San Bernardino,SBD,SBD,KSBD,San Bernardino International Airport,R,20_000
San Diego,SAN,SAN,KSAN,San Diego International Airport (Lindbergh Field),P-L,12_174_224
San Francisco,SFO,SFO,KSFO,San Francisco International Airport,P-L,27_790_717
San Jose,SJC,SJC,KSJC,Norman Y. Mineta San José International Airport,P-M,7_032_851
San Luis Obispo,SBP,SBP,KSBP,San Luis Obispo County Regional Airport (McChesney Field),P-N,235_570
Santa Barbara,SBA,SBA,KSBA,Santa Barbara Municipal Airport (Santa Barbara Airport),P-S,403_745
Santa Maria,SMX,SMX,KSMX,Santa Maria Public Airport (Capt G. Allan Hancock Field),P-N,23_008
Santa Rosa,STS,STS,KSTS,Charles M. Schulz-Sonoma County Airport,P-N,217_480
Stockton,SCK,SCK,KSCK,Stockton Metropolitan Airport,P-N,98_908
COLORADO,,,,,,
Alamosa,ALS,ALS,KALS,San Luis Valley Regional Airport (Bergman Field),P-N,7_125
Aspen,ASE,ASE,KASE,Aspen/Pitkin County Airport (Sardy Field),P-N,285_448
Colorado Springs,COS,COS,KCOS,City of Colorado Springs Municipal Airport,P-S,845_742
Denver,DEN,DEN,KDEN,Denver International Airport,P-L,31_362_941
Durango,DRO,DRO,KDRO,Durango-La Plata County Airport,P-N,189_225
Eagle/Vail,EGE,EGE,KEGE,Eagle County Regional Airport,P-N,173_863
Grand Junction,GJT,GJT,KGJT,Grand Junction Regional Airport (Walker Field),P-N,221_978
Gunnison,GUC,GUC,KGUC,Gunnison-Crested Butte Regional Airport,P-N,36_238
Hayden,HDN,HDN,KHDN,Yampa Valley Airport (Yampa Valley Regional),P-N,100_079
Montrose,MTJ,MTJ,KMTJ,Montrose Regional Airport,P-N,133_924
CONNECTICUT,,,,,,
Hartford,BDL,BDL,KBDL,Bradley International Airport,P-M,3_378_035
New Haven,HVN,HVN,KHVN,Tweed-New Haven Airport,P-N,38_991
DELAWARE,,,,,,
Wilmington,ILG,ILG,KILG,Wilmington Airport,P-N,703
FLORIDA,,,,,,
Daytona Beach,DAB,DAB,KDAB,Daytona Beach International Airport,P-N,275_166
Fort Lauderdale,FLL,FLL,KFLL,Fort Lauderdale-Hollywood International Airport,P-L,13_598_994
Fort Myers,RSW,RSW,KRSW,Southwest Florida International Airport,P-M,5_080_805
Fort Walton Beach,VPS,VPS,KVPS,Destin-Fort Walton Beach Airport / Eglin Air Force Base,P-S,973_477
Gainesville,GNV,GNV,KGNV,Gainesville Regional Airport,P-N,200_444
Jacksonville,JAX,JAX,KJAX,Jacksonville International Airport,P-M,2_425_685
Key West,EYW,EYW,KEYW,Key West International Airport,P-S,741_130
Melbourne,MLB,MLB,KMLB,Melbourne Orlando International Airport,P-N,176_820
Miami,MIA,MIA,KMIA,Miami International Airport,P-L,17_500_096
Orlando,MCO,MCO,KMCO,Orlando International Airport,P-L,19_618_838
Panama City,ECP,ECP,KECP,Northwest Florida Beaches International Airport,P-S,794_846
Pensacola,PNS,PNS,KPNS,Pensacola International Airport,P-S,1_168_575
Punta Gorda,PGD,PGD,KPGD,Punta Gorda Airport,P-S,783_397
Sanford,SFB,SFB,KSFB,Orlando Sanford International Airport,P-S,1_174_471
Sarasota,SRQ,SRQ,KSRQ,Sarasota-Bradenton International Airport,P-S,1_574_063
St. Petersburg,PIE,PIE,KPIE,St. Pete-Clearwater International Airport,P-S,1_021_007
Tallahassee,TLH,TLH,KTLH,Tallahassee International Airport,P-N,319_886
Tampa,TPA,TPA,KTPA,Tampa International Airport,P-L,8_847_197
West Palm Beach,PBI,PBI,KPBI,Palm Beach International Airport,P-M,2_567_897
GEORGIA,,,,,,
Albany,ABY,ABY,KABY,Southwest Georgia Regional Airport,P-N,39_422
Atlanta,ATL,ATL,KATL,Hartsfield-Jackson Atlanta International Airport,P-L,51_865_797
Augusta,AGS,AGS,KAGS,Augusta Regional Airport (Bush Field),P-N,300_598
Brunswick,BQK,BQK,KBQK,Brunswick Golden Isles Airport,P-N,40_443
Columbus,CSG,CSG,KCSG,Columbus Airport,P-N,49_354
Macon,MCN,MCN,KMCN,Middle Georgia Regional Airport,P-N,15_431
Savannah,SAV,SAV,KSAV,Savannah/Hilton Head International Airport,P-S,1_356_660
Valdosta,VLD,VLD,KVLD,Valdosta Regional Airport,P-N,44_609
HAWAII,,,,,,
Hilo_ Hawaii,ITO,ITO,PHTO,Hilo International Airport,P-S,599_148
Honolulu_ Oahu,HNL,HNL,PHNL,Daniel K. Inouye International Airport,P-M,10_017_149
Kahului_ Maui,OGG,OGG,PHOG,Kahului Airport,P-M,3_571_660
Kailua-Kona_ Hawaii,KOA,KOA,PHKO,Ellison Onizuka Kona International Airport at Keahole,P-S,1_829_020
Kaunakakai_ Molokai,MKK,MKK,PHMK,Molokai Airport (Hoolehua Airport),P-N,79_336
Lanai City_ Lanai,LNY,LNY,PHNY,Lanai Airport,P-N,42_061
Lihue_ Kauai,LIH,LIH,PHLI,Lihue Airport,P-S,1_644_590
IDAHO,,,,,,
Boise,BOI,BOI,KBOI,Boise Airport (Boise Air Terminal) (Gowen Field),P-M,1_943_181
Hailey / Sun Valley,SUN,SUN,KSUN,Friedman Memorial Airport,P-N,93_280
Idaho Falls,IDA,IDA,KIDA,Idaho Falls Regional Airport (Fanning Field),P-N,161_019
Lewiston,LWS,LWS,KLWS,Lewiston-Nez Perce County Airport,P-N,57_957
Pocatello,PIH,PIH,KPIH,Pocatello Regional Airport,P-N,46_303
Twin Falls,TWF,TWF,KTWF,Magic Valley Regional Airport (Joslin Field),P-N,47_084
ILLINOIS,,,,,,
Belleville,BLV,BLV,KBLV,MidAmerica St. Louis Airport / Scott Air Force Base,P-N,152_278
Bloomington / Normal,BMI,BMI,KBMI,Central Illinois Regional Airport at Bloomington-Normal,P-N,178_057
Champaign / Urbana / Savoy,CMI,CMI,KCMI,University of Illinois - Willard Airport,P-N,109_878
Chicago,MDW,MDW,KMDW,Chicago Midway International Airport,P-L,10_678_018
Chicago,ORD,ORD,KORD,Chicago O'Hare International Airport,P-L,39_873_927
Marion,MWA,MWA,KMWA,Veterans Airport of Southern Illinois (Williamson County Regional Airport),P-N,11_078
Moline,MLI,MLI,KMLI,Quad City International Airport,P-N,355_241
Peoria,PIA,PIA,KPIA,General Downing-Peoria International Airport,P-N,328_769
Rockford,RFD,RFD,KRFD,Chicago Rockford International Airport (was Northwest Chicagoland Regional Airport at Rockford),P-N,106_710
Springfield,SPI,SPI,KSPI,Abraham Lincoln Capital Airport,P-N,776_950
INDIANA,,,,,,
Evansville,EVV,EVV,KEVV,Evansville Regional Airport,P-N,228_850
Fort Wayne,FWA,FWA,KFWA,Fort Wayne International Airport,P-S,372_030
Indianapolis,IND,IND,KIND,Indianapolis International Airport,P-M,4_655_847
South Bend,SBN,SBN,KSBN,South Bend International Airport,P-S,366_617
IOWA,,,,,,
Cedar Rapids,CID,CID,KCID,Eastern Iowa Airport,P-S,602_058
Des Moines,DSM,DSM,KDSM,Des Moines International Airport,P-S,1_347_876
Dubuque,DBQ,DBQ,KDBQ,Dubuque Regional Airport,P-N,38_831
Sioux City,SUX,SUX,KSUX,Sioux Gateway Airport (Brig. General Bud Day Field),P-N,44_779
Waterloo,ALO,ALO,KALO,Waterloo Regional Airport,P-N,23_892
KANSAS,,,,,,
Garden City,GCK,GCK,KGCK,Garden City Regional Airport,P-N,25_243
Hays,HYS,HYS,KHYS,Hays Regional Airport,P-N,11_996
Manhattan,MHK,MHK,KMHK,Manhattan Regional Airport,P-N,72_883
Salina,SLN,SLN,KSLN,Salina Regional Airport,P-N,15_977
Wichita,ICT,ICT,KICT,Wichita Dwight D. Eisenhower National Airport (was Wichita Mid-Continent Airport),P-S,812_252
KENTUCKY,,,,,,
Cincinnati/Covington,CVG,CVG,KCVG,Cincinnati/Northern Kentucky International Airport,P-M,4_269_258
Lexington,LEX,LEX,KLEX,Blue Grass Airport,P-S,657_018
Louisville,SDF,SDF,KSDF,Louisville International Airport (Standiford Field),P-S,1_877_861
Owensboro,OWB,OWB,KOWB,Owensboro-Daviess County Regional Airport,P-N,19_532
Paducah,PAH,PAH,KPAH,Barkley Regional Airport,P-N,20_934
LOUISIANA,,,,,,
Alexandria,AEX,AEX,KAEX,Alexandria International Airport,P-N,141_173
Baton Rouge,BTR,BTR,KBTR,Baton Rouge Metropolitan Airport (Ryan Field),P-N,390_107
Lafayette,LFT,LFT,KLFT,Lafayette Regional Airport (Paul Fournet Field),P-N,223_529
Lake Charles,LCH,LCH,KLCH,Lake Charles Regional Airport,P-N,58_122
Monroe,MLU,MLU,KMLU,Monroe Regional Airport,P-N,107_107
New Orleans,MSY,MSY,KMSY,Louis Armstrong New Orleans International Airport,P-M,6_582_066
Shreveport,SHV,SHV,KSHV,Shreveport Regional Airport,P-N,291_136
MAINE,,,,,,
Bangor,BGR,BGR,KBGR,Bangor International Airport,P-N,336_140
Portland,PWM,PWM,KPWM,Portland International Jetport,P-S,1_062_873
Presque Isle,PQI,PQI,KPQI,Presque Isle International Airport,P-N,10_865
Rockland,RKD,RKD,KRKD,Knox County Regional Airport,P-N,17_133
MARYLAND,,,,,,
Baltimore,BWI,BWI,KBWI,Baltimore/Washington International Airport,P-L,13_284_687
Hagerstown,HGR,HGR,KHGR,Hagerstown Regional Airport (Richard A. Henson Field),P-N,29_105
Salisbury,SBY,SBY,KSBY,Salisbury-Ocean City-Wicomico Regional Airport,P-N,70_111
MASSACHUSETTS,,,,,,
Boston,BOS,BOS,KBOS,Gen. Edward Lawrence Logan International Airport,P-L,20_006_521
Hyannis,HYA,HYA,KHYA,Cape Cod Gateway Airport (Boardman/Polando Field),P-N,28_341
Nantucket,ACK,ACK,KACK,Nantucket Memorial Airport,P-N,126_610
Vineyard Haven,MVY,MVY,KMVY,Martha's Vineyard Airport,P-N,52_605
Worcester,ORH,ORH,KORH,Worcester Regional Airport,P-N,71_631
MICHIGAN,,,,,,
Alpena,APN,APN,KAPN,Alpena County Regional Airport,P-N,11_614
Detroit,DTW,DTW,KDTW,Detroit Metro Wayne County Airport,P-L,17_436_837
Escanaba,ESC,ESC,KESC,Delta County Airport,P-N,18_474
Flint,FNT,FNT,KFNT,Bishop International Airport,P-N,361_709
Grand Rapids,GRR,GRR,KGRR,Gerald R. Ford International Airport,P-S,1_631_398
Hancock,CMX,CMX,KCMX,Houghton County Memorial Airport,P-N,24_041
Iron Mountain,IMT,IMT,KIMT,Ford Airport,P-N,19_552
Kalamazoo,AZO,AZO,KAZO,Kalamazoo/Battle Creek International Airport,P-N,152_845
Lansing,LAN,LAN,KLAN,Capital Region International Airport (was Lansing Capital City),P-N,184_018
Marquette,SAW,MQT,KSAW,Sawyer International Airport,P-N,53_558
Muskegon,MKG,MKG,KMKG,Muskegon County Airport,P-N,18_718
Pellston,PLN,PLN,KPLN,Pellston Regional/Emmet County Airport,P-N,25_464
Saginaw,MBS,MBS,KMBS,MBS International Airport,P-N,127_627
Sault Ste. Marie,CIU,CIU,KCIU,Chippewa County International Airport,P-N,23_324
Traverse City,TVC,TVC,KTVC,Cherry Capital Airport (was Cherry County Airpark),P-N,247_324
MINNESOTA,,,,,,
Bemidji,BJI,BJI,KBJI,Bemidji Regional Airport,P-N,30_081
Brainerd,BRD,BRD,KBRD,Brainerd Lakes Regional Airport,P-N,22_233
Duluth,DLH,DLH,KDLH,Duluth International Airport,P-N,136_806
Hibbing,HIB,HIB,KHIB,Range Regional Airport (was Chisholm-Hibbing Airport),P-N,17_111
Minneapolis-St. Paul,MSP,MSP,KMSP,Minneapolis-St. Paul International/Wold-Chamberlain Airport,P-L,18_361_942
Rochester,RST,RST,KRST,Rochester International Airport,P-N,182_509
St. Cloud,STC,STC,KSTC,St. Cloud Regional Airport,P-N,22_464
MISSISSIPPI,,,,,,
Columbus,GTR,GTR,KGTR,Golden Triangle Regional Airport,P-N,46_246
Gulfport / Biloxi,GPT,GPT,KGPT,Gulfport-Biloxi International Airport,P-N,359_055
Hattiesburg / Laurel,PIB,PIB,KPIB,Hattiesburg-Laurel Regional Airport,P-N,9_813
Jackson,JAN,JAN,KJAN,Jackson-Medgar Wiley Evers International Airport,P-S,489_454
Meridian,MEI,MEI,KMEI,Key Field,P-N,19_332
Tupelo,TUP,TUP,KTUP,Tupelo Regional Airport (C.D. Lemons Field),P-N,13_557
MISSOURI,,,,,,
Branson,BBG,BKG,KBBG,Branson Airport,P-N,1_601
Columbia,COU,COU,KCOU,Columbia Regional Airport,P-N,120_235
Fort Leonard Wood / Waynesville,TBN,TBN,KTBN,Waynesville-St. Robert Regional Airport (Forney Field),P-N,7_717
Joplin,JLN,JLN,KJLN,Joplin Regional Airport,P-N,40_013
Kansas City,MCI,MCI,KMCI,Kansas City International Airport (was Mid-Continent International),P-M,5_790_847
St. Louis,STL,STL,KSTL,St. Louis Lambert International Airport,P-M,7_631_953
Springfield,SGF,SGF,KSGF,Springfield-Branson National Airport,P-S,523_108
MONTANA,,,,,,
Billings,BIL,BIL,KBIL,Billings Logan International Airport,P-S,440_263
Bozeman,BZN,BZN,KBZN,Bozeman Yellowstone International Airport (was Gallatin Field),P-S,670_295
Butte,BTM,BTM,KBTM,Bert Mooney Airport,P-N,25_803
Great Falls,GTF,GTF,KGTF,Great Falls International Airport,P-N,176_434
Helena,HLN,HLN,KHLN,Helena Regional Airport,P-N,115_438
Kalispell,GPI,FCA,KGPI,Glacier Park International Airport,P-S,307_242
Missoula,MSO,MSO,KMSO,Missoula Montana Airport (was Missoula International Airport),P-S,425_563
West Yellowstone,WYS,WYS,KWYS,Yellowstone Airport,P-N,8_200
NEBRASKA,,,,,,
Grand Island,GRI,GRI,KGRI,Central Nebraska Regional Airport,P-N,63_298
Kearney,EAR,EAR,KEAR,Kearney Regional Airport (was Kearney Municipal),P-N,4_568
Lincoln,LNK,LNK,KLNK,Lincoln Airport (was Lincoln Municipal),P-N,150_214
North Platte,LBF,LBF,KLBF,North Platte Regional Airport (Lee Bird Field),P-N,13_798
Omaha,OMA,OMA,KOMA,Eppley Airfield,P-M,2_454_878
Scottsbluff,BFF,BFF,KBFF,Western Nebraska Regional Airport (William B. Heilig Field),P-N,14_295
NEVADA,,,,,,
Boulder City,BVU,BLD,KBVU,Boulder City Municipal Airport,P-N,205_690
Elko,EKO,EKO,KEKO,Elko Regional Airport (J.C. Harris Field),P-N,18_363
Las Vegas,LAS,LAS,KLAS,Harry Reid International Airport,P-L,23_795_012
Reno,RNO,RNO,KRNO,Reno/Tahoe International Airport,P-M,2_048_916
NEW HAMPSHIRE,,,,,,
Manchester,MHT,MHT,KMHT,Manchester-Boston Regional Airport,P-S,911_225
Portsmouth,PSM,PSM,KPSM,Portsmouth International Airport at Pease,P-N,92_836
NEW JERSEY,,,,,,
Atlantic City,ACY,ACY,KACY,Atlantic City International Airport,P-S,568_958
Newark,EWR,EWR,KEWR,Newark Liberty International Airport,P-L,22_797_602
Trenton,TTN,TTN,KTTN,Trenton Mercer Airport,P-N,404_349
NEW MEXICO,,,,,,
Albuquerque,ABQ,ABQ,KABQ,Albuquerque International Sunport,P-M,2_647_269
Hobbs,HOB,HOB,KHOB,Lea County Regional Airport,P-N,23_475
Roswell,ROW,ROW,KROW,Roswell Air Center,P-N,56_632
Santa Fe,SAF,SAF,KSAF,Santa Fe Municipal Airport,P-N,115_787
NEW YORK,,,,,,
Albany,ALB,ALB,KALB,Albany International Airport,P-S,1_440_674
Binghamton,BGM,BGM,KBGM,Greater Binghamton Airport (Edwin A. Link Field),P-N,36_382
Buffalo,BUF,BUF,KBUF,Buffalo Niagara International Airport,P-S,2_523_158
Elmira / Corning,ELM,ELM,KELM,Elmira/Corning Regional Airport,P-N,141_075
Ithaca,ITH,ITH,KITH,Ithaca Tompkins International Airport,P-N,99_070
New York,JFK,JFK,KJFK,John F. Kennedy International Airport (was New York International Airport),P-L,30_620_769
New York,LGA,LGA,KLGA,LaGuardia Airport (and Marine Air Terminal),P-L,15_058_501
New York / Islip,ISP,ISP,KISP,Long Island MacArthur Airport,P-S,811_535
Newburgh,SWF,SWF,KSWF,New York Stewart International Airport,P-N,354_869
Niagara Falls,IAG,IAG,KIAG,Niagara Falls International Airport,P-N,119_182
Ogdensburg,OGS,OGS,KOGS,Ogdensburg International Airport,P-N,23_448
Plattsburgh,PBG,PBG,KPBG,Plattsburgh International Airport,P-N,119_783
Rochester,ROC,ROC,KROC,Frederick Douglass/Greater Rochester International Airport,P-S,1_281_908
Syracuse,SYR,SYR,KSYR,Syracuse Hancock International Airport,P-S,1_139_568
Watertown,ART,ART,KART,Watertown International Airport,P-N,23_844
White Plains,HPN,HPN,KHPN,Westchester County Airport,P-S,789_283
NORTH CAROLINA,,,,,,
Asheville,AVL,AVL,KAVL,Asheville Regional Airport,P-S,573_206
Charlotte,CLT,CLT,KCLT,Charlotte Douglas International Airport,P-L,22_281_949
Concord,JQF,USA,KJQF,Concord-Padgett Regional Airport,P-N,147_065
Fayetteville,FAY,FAY,KFAY,Fayetteville Regional Airport (Grannis Field),P-N,234_998
Greensboro,GSO,GSO,KGSO,Piedmont Triad International Airport,P-S,938_593
Greenville,PGV,PGV,KPGV,Pitt-Greenville Airport,P-N,51_599
Jacksonville,OAJ,OAJ,KOAJ,Albert J. Ellis Airport,P-N,152_448
New Bern,EWN,EWN,KEWN,Coastal Carolina Regional Airport (was Craven County Regional),P-N,111_172
Raleigh,RDU,RDU,KRDU,Raleigh-Durham International Airport,P-M,6_258_101
Wilmington,ILM,ILM,KILM,Wilmington International Airport,P-S,468_816
NORTH DAKOTA,,,,,,
Bismarck,BIS,BIS,KBIS,Bismarck Municipal Airport,P-N,285_198
Dickinson,DIK,DIK,KDIK,Dickinson Theodore Roosevelt Regional Airport,P-N,22_595
Fargo,FAR,FAR,KFAR,Hector International Airport,P-S,429_667
Grand Forks,GFK,GFK,KGFK,Grand Forks International Airport,P-N,114_578
Jamestown,JMS,JMS,KJMS,Jamestown Regional Airport,P-N,11_768
Minot,MOT,MOT,KMOT,Minot International Airport,P-N,149_865
Williston,XWA,XWA,KXWA,Williston Basin International Airport,P-N,75_332
OHIO,,,,,,
Akron / Canton,CAK,CAK,KCAK,Akron-Canton Regional Airport,P-N,449_731
Cleveland,CLE,CLE,KCLE,Cleveland Hopkins International Airport,P-M,4_701_713
Columbus,CMH,CMH,KCMH,John Glenn Columbus International Airport,P-M,3_976_620
Columbus,LCK,LCK,KLCK,Rickenbacker International Airport,P-N,154_475
Dayton,DAY,DAY,KDAY,James M. Cox Dayton International Airport,P-S,858_022
Toledo,TOL,TOL,KTOL,Eugene F. Kranz Toledo Express Airport,P-N,123_541
OKLAHOMA,,,,,,
Lawton,LAW,LAW,KLAW,Lawton-Fort Sill Regional Airport,P-N,48_086
Oklahoma City,OKC,OKC,KOKC,Will Rogers World Airport,P-S,2_094_708
Stillwater,SWO,SWO,KSWO,Stillwater Regional Airport,P-N,27_321
Tulsa,TUL,TUL,KTUL,Tulsa International Airport,P-S,1_482_908
OREGON,,,,,,
Eugene,EUG,EUG,KEUG,Mahlon Sweet Field,P-S,566_832
Medford,MFR,MFR,KMFR,Rogue Valley International-Medford Airport,P-S,492_217
North Bend,OTH,OTH,KOTH,Southwest Oregon Regional Airport (was North Bend Municipal),P-N,12_369
Portland,PDX,PDX,KPDX,Portland International Airport,P-M,9_804_868
Redmond,RDM,RDM,KRDM,Roberts Field,P-S,430_562
PENNSYLVANIA,,,,,,
Allentown,ABE,ABE,KABE,Lehigh Valley International Airport (was Allentown-Bethlehem-Easton International Airport),P-S,376_468
Erie,ERI,ERI,KERI,Erie International Airport (Tom Ridge Field),P-N,95_342
Harrisburg,MDT,MDT,KMDT,Harrisburg International Airport,P-S,636_756
Latrobe,LBE,LBE,KLBE,Arnold Palmer Regional Airport,P-N,151_410
Philadelphia,PHL,PHL,KPHL,Philadelphia International Airport,P-L,15_292_670
Pittsburgh,PIT,PIT,KPIT,Pittsburgh International Airport,P-M,4_670_033
State College,UNV,SCE,KUNV,University Park Airport,P-N,153_571
Wilkes-Barre / Scranton,AVP,AVP,KAVP,Wilkes-Barre/Scranton International Airport,P-N,258_628
RHODE ISLAND,,,,,,
Block Island,BID,BID,KBID,Block Island State Airport,P-N,16_809
Providence,PVD,PVD,KPVD,Rhode Island T. F. Green International Airport,P-S,2_117_409
Westerly,WST,WST,KWST,Westerly State Airport,P-N,17_694
SOUTH CAROLINA,,,,,,
Charleston,CHS,CHS,KCHS,Charleston International Airport / Charleston AFB,P-M,2_192_893
Columbia,CAE,CAE,KCAE,Columbia Metropolitan Airport,P-S,566_660
Florence,FLO,FLO,KFLO,Florence Regional Airport,P-N,44_333
Greenville,GSP,GSP,KGSP,Greenville-Spartanburg International Airport (Roger Milliken Field),P-S,1_133_012
Hilton Head,HXD,HHH,KHXD,Hilton Head Airport,P-N,36_308
Myrtle Beach,MYR,MYR,KMYR,Myrtle Beach International Airport,P-S,1_254_307
SOUTH DAKOTA,,,,,,
Aberdeen,ABR,ABR,KABR,Aberdeen Regional Airport,P-N,28_404
Pierre,PIR,PIR,KPIR,Pierre Regional Airport,P-N,30_124
Rapid City,RAP,RAP,KRAP,Rapid City Regional Airport,P-S,303_471
Sioux Falls,FSD,FSD,KFSD,Joe Foss Field,P-S,529_895
Watertown,ATY,ATY,KATY,Watertown Regional Airport,P-N,12_064
TENNESSEE,,,,,,
Chattanooga,CHA,CHA,KCHA,Lovell Field,P-S,504_833
Knoxville,TYS,TYS,KTYS,McGhee Tyson Airport,P-S,1_069_565
Memphis,MEM,MEM,KMEM,Memphis International Airport,P-M,2_213_083
Nashville,BNA,BNA,KBNA,Nashville International Airport (Berry Field),P-L,8_017_347
Tri-Cities,TRI,TRI,KTRI,Tri-Cities Airport,P-N,200_086
TEXAS,,,,,,
Abilene,ABI,ABI,KABI,Abilene Regional Airport,P-N,77_229
Amarillo,AMA,AMA,KAMA,Rick Husband Amarillo International Airport,P-N,355_705
Austin,AUS,AUS,KAUS,Austin-Bergstrom International Airport,P-L,7_714_479
Beaumont,BPT,BPT,KBPT,Jack Brooks Regional Airport (was Southeast Texas Regional),P-N,27_694
Brownsville,BRO,BRO,KBRO,Brownsville/South Padre Island International Airport,P-N,115_711
College Station,CLL,CLL,KCLL,Easterwood Field,P-N,79_309
Corpus Christi,CRP,CRP,KCRP,Corpus Christi International Airport,P-N,332_499
Dallas,DAL,DAL,KDAL,Dallas Love Field,P-M,8_011_221
Dallas,DFW,DFW,KDFW,Dallas Fort Worth International Airport,P-L,32_821_799
Del Rio,DRT,DRT,KDRT,Del Rio International Airport,P-N,2_712
El Paso,ELP,ELP,KELP,El Paso International Airport,P-S,1_605_486
Harlingen,HRL,HRL,KHRL,Valley International Airport,P-S,302_236
Houston,IAH,IAH,KIAH,George Bush Intercontinental/Houston Airport,P-L,21_157_398
Houston,HOU,HOU,KHOU,William P. Hobby Airport,P-M,7_053_886
Killeen,GRK,GRK,KGRK,Killeen-Fort Hood Regional Airport / Robert Gray Army Airfield,P-N,154_328
Laredo,LRD,LRD,KLRD,Laredo International Airport,P-N,95_858
Longview,GGG,GGG,KGGG,East Texas Regional Airport,P-N,24_588
Lubbock,LBB,LBB,KLBB,Lubbock Preston Smith International Airport,P-S,484_010
McAllen,MFE,MFE,KMFE,McAllen Miller International Airport,P-S,347_440
Midland / Odessa,MAF,MAF,KMAF,Midland International Air and Space Port,P-S,618_794
San Angelo,SJT,SJT,KSJT,San Angelo Regional Airport (Mathis Field),P-N,55_301
San Antonio,SAT,SAT,KSAT,San Antonio International Airport,P-M,4_844_427
Tyler,TYR,TYR,KTYR,Tyler Pounds Regional Airport,P-N,48_532
Waco,ACT,ACT,KACT,Waco Regional Airport,P-N,57_344
Wichita Falls,SPS,SPS,KSPS,Wichita Falls Municipal Airport / Sheppard Air Force Base,P-N,38_026
UTAH,,,,,,
Cedar City,CDC,CDC,KCDC,Cedar City Regional Airport,P-N,15_835
Moab,CNY,CNY,KCNY,Canyonlands Regional Airport,P-N,14_035
Ogden,OGD,OGD,KOGD,Ogden-Hinckley Airport,P-N,18_327
Provo,PVU,PVU,KPVU,Provo Municipal Airport,P-N,80_106
St. George,SGU,SGU,KSGU,St. George Regional Airport,P-N,123_060
Salt Lake City,SLC,SLC,KSLC,Salt Lake City International Airport,P-L,12_226_730
VERMONT,,,,,,
Burlington,BTV,BTV,KBTV,Burlington International Airport,P-S,658_879
VIRGINIA,,,,,,
Charlottesville,CHO,CHO,KCHO,Charlottesville-Albemarle Airport,P-N,352_816
Lynchburg,LYH,LYH,KLYH,Lynchburg Regional Airport (Preston Glenn Field),P-N,83_392
Newport News,PHF,PHF,KPHF,Newport News/Williamsburg International Airport (Patrick Henry Field),P-N,195_573
Norfolk,ORF,ORF,KORF,Norfolk International Airport,P-M,1_846_031
Richmond,RIC,RIC,KRIC,Richmond International Airport (Byrd Field),P-S,2_048_691
Roanoke,ROA,ROA,KROA,Roanoke-Blacksburg Regional Airport (Woodrum Field),P-N,330_063
Staunton / Waynesboro / Harrisonburg,SHD,SHD,KSHD,Shenandoah Valley Regional Airport,P-N,12_179
Washington_ D.C. / Arlington,DCA,DCA,KDCA,Ronald Reagan Washington National Airport,P-L,11_366_771
Washington_ D.C. / Dulles / Chantilly,IAD,IAD,KIAD,Washington Dulles International Airport,P-L,11_621_623
WASHINGTON,,,,,,
Bellingham,BLI,BLI,KBLI,Bellingham International Airport,P-N,368_186
Eastsound,ORS,ESD,KORS,Orcas Island Airport,P-N,10_101
Everett,PAE,PAE,KPAE,Paine Field (Snohomish County Airport),P-N,3_037
Friday Harbor,FHR,FRD,KFHR,Friday Harbor Airport,P-N,13_497
Pasco,PSC,PSC,KPSC,Tri-Cities Airport,P-S,395_348
Pullman / Moscow_ Idaho,PUW,PUW,KPUW,Pullman-Moscow Regional Airport,P-N,66_669
Seattle,BFI,BFI,KBFI,King County International Airport (Boeing Field),P-N,18_586
Seattle / Tacoma (SeaTac),SEA,SEA,KSEA,Seattle-Tacoma International Airport,P-L,24_024_908
Spokane,GEG,GEG,KGEG,Spokane International Airport (Geiger Field),P-S,1_872_781
Walla Walla,ALW,ALW,KALW,Walla Walla Regional Airport,P-N,49_527
Wenatchee,EAT,EAT,KEAT,Pangborn Memorial Airport,P-N,64_528
Yakima,YKM,YKM,KYKM,Yakima Air Terminal (McAllister Field),P-N,69_510
WEST VIRGINIA,,,,,,
Charleston,CRW,CRW,KCRW,Yeager Airport,P-N,216_873
Clarksburg,CKB,CKB,KCKB,North Central West Virginia Airport (was Harrison-Marion Regional),P-N,36_917
Huntington,HTS,HTS,KHTS,Tri-State Airport (Milton J. Ferguson Field),P-N,101_701
Lewisburg,LWB,LWB,KLWB,Greenbrier Valley Airport,P-N,10_359
WISCONSIN,,,,,,
Appleton,ATW,ATW,KATW,Appleton International Airport,P-S,348_026
Eau Claire,EAU,EAU,KEAU,Chippewa Valley Regional Airport,P-N,23_950
Green Bay,GRB,GRB,KGRB,Green Bay-Austin Straubel International Airport,P-N,314_909
La Crosse,LSE,LSE,KLSE,La Crosse Regional Airport,P-N,99_651
Madison,MSN,MSN,KMSN,Dane County Regional Airport (Truax Field),P-S,1_043_185
Milwaukee,MKE,MKE,KMKE,Milwaukee Mitchell International Airport,P-M,3_496_724
Mosinee,CWA,CWA,KCWA,Central Wisconsin Airport,P-N,124_632
Rhinelander,RHI,RHI,KRHI,Rhinelander-Oneida County Airport,P-N,24_477
WYOMING,,,,,,
Casper,CPR,CPR,KCPR,Casper-Natrona County International Airport,P-N,66_629
Cody,COD,COD,KCOD,Yellowstone Regional Airport,P-N,37_349
Gillette,GCC,GCC,KGCC,Gillette-Campbell County Airport,P-N,23_873
Jackson,JAC,JAC,KJAC,Jackson Hole Airport,P-S,497_548
Laramie,LAR,LAR,KLAR,Laramie Regional Airport,P-N,16_728
Riverton,RIW,RIW,KRIW,Central Wyoming Regional Airport (was Riverton Regional),P-N,15_420
Rock Springs,RKS,RKS,KRKS,Southwest Wyoming Regional Airport (Rock Springs-Sweetwater County Airport),P-N,16_679
Sheridan,SHR,SHR,KSHR,Sheridan County Airport,P-N,23_920
GUAM,,,,,,
Agana / Tamuning,GUM,GUM,PGUM,Antonio B. Won Pat International Airport,P-N,1_736_131
NORTHERN MARIANAS,,,,,,
Obyan_ Saipan Island,GSN,SPN,PGSN,Saipan International Airport (Francisco C. Ada),P-N,595_181
Tinian Island,TNI,TIQ,PGWT,Tinian International Airport (West Tinian),P-N,38_664
PUERTO RICO,,,,,,
Aguadilla,BQN,BQN,TJBQ,Rafael Hernández Airport,P-N,294_921
Ceiba,RVR,NRR,TJRV,José Aponte de la Torre Airport,P-N,21_870
Culebra,CPX,CPX,TJCP,Benjamín Rivera Noriega Airport,P-N,14_612
Ponce,PSE,PSE,TJPS,Mercedita Airport,P-N,91_966
San Juan,SIG,SIG,TJIG,Fernando Luis Ribas Dominicci Airport (Isla Grande Airport),P-N,14_106
San Juan / Carolina,SJU,SJU,TJSJ,Luis Muñoz Marín International Airport,P-M,4_033_412
Vieques,VQS,VQS,TJVQ,Antonio Rivera Rodríguez Airport,P-N,29_022
U.S. VIRGIN ISLANDS,,,,,,
Charlotte Amalie_ St. Thomas,STT,STT,TIST,Cyril E. King Airport,P-S,417_871
Christiansted_ St. Croix,STX,STX,TISX,Henry E. Rohlsen Airport,P-N,212_812